anonID,title,description,keywords,URL
479,Motorcycle Decals and Boat Lettering Graphics.  Helmet Stickers and Reflective tape/pinstriping.,Streetglo reflective Motorcycle Decals and Boat Lettering products include decals and stickers with Reflective Tape/Pinstripe accent kits for motorcycles boats cars and trucks.  Large selection of Helmet Decals/Stickers for style with safety.,"Motorcycle decals,reflective, Helmet Decals, Boat lettering, Reflective Tape,Helmet sticker, Motorcycle Helmet Decals,Motorcycle Graphic,Sticker,Pinstriping,Vehicle Graphic,Helmet Decals,Vinyl Decal,Cool Sticker,Motorcycle Sticker,Bike Sticker,Decal Sticker,Motorcycle decals,Motorcycle Graphics,Stickers",http://www.streetglo.net
479,"Bose | Headphones, Speakers, Wearables","The official Bose website. Learn about innovative solutions to help you feel more, do more and be more. Shop for headphones, speakers, wearables and wellness products.","bose,bose products,home entertainment,speaker systems,car speakers,home audio,boseÂ® systems,bose.com,marine stereo,headphones,consumer electronic products,www.bose.com,sound systems,consumer electronics,home cinema systems,outdoor speakers",http://www.bose.com
479,World Trade Organization - Home page - Global trade,"Global trade - The World Trade Organization (WTO) deals with the global rules of trade between nations. Its main function is to ensure that global trade flows smoothly, predictably and freely as possible.","#globaltrade www.wto.org, World Trade Organization, world trade, global trade,  international trade, trade disputes, WTO publications, intellectual property, 
government procurement, goods, services, economic research, Statistics, OMC, about the WTO, trade,  agriculture, textiles, services, intellectual property, anti-dumping, subsidies, environment, investment, research and analysis, international trade, trade topics, principles of the trading system",http://www.wto.org
479,Encyclopedia Britannica | Britannica,"Explore the fact-checked online encyclopedia from Encyclopaedia Britannica with hundreds of thousands of objective articles, biographies, videos, and images from experts.","britannica, reference, online, encyclopedia, encyclopaedia, store, dictionary, thesaurus",http://www.britannica.com
479,World Trade Organization - Home page - Global trade,"Global trade - The World Trade Organization (WTO) deals with the global rules of trade between nations. Its main function is to ensure that global trade flows smoothly, predictably and freely as possible.","#globaltrade www.wto.org, World Trade Organization, world trade, global trade,  international trade, trade disputes, WTO publications, intellectual property, 
government procurement, goods, services, economic research, Statistics, OMC, about the WTO, trade,  agriculture, textiles, services, intellectual property, anti-dumping, subsidies, environment, investment, research and analysis, international trade, trade topics, principles of the trading system",http://www.wto.org
479,World Trade Organization - Home page - Global trade,"Global trade - The World Trade Organization (WTO) deals with the global rules of trade between nations. Its main function is to ensure that global trade flows smoothly, predictably and freely as possible.","#globaltrade www.wto.org, World Trade Organization, world trade, global trade,  international trade, trade disputes, WTO publications, intellectual property, 
government procurement, goods, services, economic research, Statistics, OMC, about the WTO, trade,  agriculture, textiles, services, intellectual property, anti-dumping, subsidies, environment, investment, research and analysis, international trade, trade topics, principles of the trading system",http://www.wto.org
479,World Trade Organization - Home page - Global trade,"Global trade - The World Trade Organization (WTO) deals with the global rules of trade between nations. Its main function is to ensure that global trade flows smoothly, predictably and freely as possible.","#globaltrade www.wto.org, World Trade Organization, world trade, global trade,  international trade, trade disputes, WTO publications, intellectual property, 
government procurement, goods, services, economic research, Statistics, OMC, about the WTO, trade,  agriculture, textiles, services, intellectual property, anti-dumping, subsidies, environment, investment, research and analysis, international trade, trade topics, principles of the trading system",http://www.wto.org
