<class 'NameError'>,http://www.familyguyfiles.com
<class 'NameError'>,http://movieweb.com
<class 'NameError'>,http://www.imdb.com
<class 'NameError'>,http://www.decaljunky.com
<class 'NameError'>,http://www.modernimage.net
<class 'NameError'>,http://www.webdecal.com
<class 'NameError'>,http://www.customautotrim.com
<class 'NameError'>,http://stickers.signprint.co.uk
<class 'NameError'>,http://stickers.signprint.co.uk
<class 'NameError'>,http://www.motorcitydecals.com
<class 'NameError'>,http://www.wtmx.com
<class 'NameError'>,http://www.wdrv.com
